{
  "version": 1,
  "author": "Manzar",
  "editor": "wokwi",
  "parts": [
    { "type": "board-esp32-devkit-c-v4", "id": "esp", "top": 0, "left": 0, "attrs": {} },
    {
      "type": "wokwi-led",
      "id": "led1",
      "top": -61.2,
      "left": -188.2,
      "attrs": { "color": "red" }
    },
    {
      "type": "wokwi-resistor",
      "id": "r1",
      "top": 14.4,
      "left": -202.15,
      "rotate": 90,
      "attrs": { "value": "220" }
    },
    { "type": "wokwi-hc-sr04", "id": "ultrasonic1", "top": -104.1, "left": -52.1, "attrs": {} },
    {
      "type": "wokwi-buzzer",
      "id": "bz1",
      "top": -93.6,
      "left": 155.4,
      "attrs": { "volume": "0.1" }
    }
  ],
  "connections": [
    [ "esp:TX", "$serialMonitor:RX", "", [] ],
    [ "esp:RX", "$serialMonitor:TX", "", [] ],
    [ "led1:C", "r1:1", "green", [ "v0" ] ],
    [ "esp:GND.1", "r1:2", "black", [ "h0" ] ],
    [ "led1:A", "esp:16", "green", [ "v0" ] ],
    [ "ultrasonic1:TRIG", "esp:14", "green", [ "v0" ] ],
    [ "ultrasonic1:ECHO", "esp:12", "green", [ "v0" ] ],
    [ "ultrasonic1:GND", "esp:GND.2", "black", [ "v0" ] ],
    [ "ultrasonic1:VCC", "esp:3V3", "red", [ "v0" ] ],
    [ "bz1:2", "esp:15", "green", [ "v0" ] ],
    [ "bz1:1", "esp:GND.3", "green", [ "v0" ] ]
  ],
  "dependencies": {}
}